model,cv_f1_macro_mean,cv_f1_macro_std,test_accuracy,test_f1_macro
Random Forest,0.49078742608154363,0.10096549813018629,0.5238095238095238,0.5326399300349826
Logistic Regression,0.5187472732519172,0.029334125384433023,0.5238095238095238,0.5201532567049808
XGBoost,,,0.47619047619047616,0.4888180909545228
